email;firstName;lastName
"vivek0@yopmail.com";"vivek0";"bharti0"
"vivek1@yopmail.com";"vivek1";"bharti1"
"vivek2@yopmail.com";"vivek2";"bharti2"
"vivek3@yopmail.com";"vivek3";"bharti3"
"vivek4@yopmail.com";"vivek4";"bharti4"
"vivek5@yopmail.com";"vivek5";"bharti5"
"vivek6@yopmail.com";"vivek6";"bharti6"
"vivek7@yopmail.com";"vivek7";"bharti7"
"vivek8@yopmail.com";"vivek8";"bharti8"
"vivek9@yopmail.com";"vivek9";"bharti9"
"vivek10@yopmail.com";"vivek10";"bharti10"
"vivek11@yopmail.com";"vivek11";"bharti11"
"vivek12@yopmail.com";"vivek12";"bharti12"
"vivek13@yopmail.com";"vivek13";"bharti13"
"vivek14@yopmail.com";"vivek14";"bharti14"
"vivek15@yopmail.com";"vivek15";"bharti15"
"vivek16@yopmail.com";"vivek16";"bharti16"
"vivek17@yopmail.com";"vivek17";"bharti17"
"vivek18@yopmail.com";"vivek18";"bharti18"
"vivek19@yopmail.com";"vivek19";"bharti19"
"vivek20@yopmail.com";"vivek20";"bharti20"
"vivek21@yopmail.com";"vivek21";"bharti21"
"vivek22@yopmail.com";"vivek22";"bharti22"
"vivek23@yopmail.com";"vivek23";"bharti23"
"vivek24@yopmail.com";"vivek24";"bharti24"
"vivek25@yopmail.com";"vivek25";"bharti25"
"vivek26@yopmail.com";"vivek26";"bharti26"
"vivek27@yopmail.com";"vivek27";"bharti27"
"vivek28@yopmail.com";"vivek28";"bharti28"
"vivek29@yopmail.com";"vivek29";"bharti29"
"vivek30@yopmail.com";"vivek30";"bharti30"
"vivek31@yopmail.com";"vivek31";"bharti31"
"vivek32@yopmail.com";"vivek32";"bharti32"
"vivek33@yopmail.com";"vivek33";"bharti33"
"vivek34@yopmail.com";"vivek34";"bharti34"
"vivek35@yopmail.com";"vivek35";"bharti35"
"vivek36@yopmail.com";"vivek36";"bharti36"
"vivek37@yopmail.com";"vivek37";"bharti37"
"vivek38@yopmail.com";"vivek38";"bharti38"
"vivek39@yopmail.com";"vivek39";"bharti39"
"vivek40@yopmail.com";"vivek40";"bharti40"
"vivek41@yopmail.com";"vivek41";"bharti41"
"vivek42@yopmail.com";"vivek42";"bharti42"
"vivek43@yopmail.com";"vivek43";"bharti43"
"vivek44@yopmail.com";"vivek44";"bharti44"
"vivek45@yopmail.com";"vivek45";"bharti45"
"vivek46@yopmail.com";"vivek46";"bharti46"
"vivek47@yopmail.com";"vivek47";"bharti47"
"vivek48@yopmail.com";"vivek48";"bharti48"
"vivek49@yopmail.com";"vivek49";"bharti49"
"vivek50@yopmail.com";"vivek50";"bharti50"
"vivek51@yopmail.com";"vivek51";"bharti51"
"vivek52@yopmail.com";"vivek52";"bharti52"
"vivek53@yopmail.com";"vivek53";"bharti53"
"vivek54@yopmail.com";"vivek54";"bharti54"
"vivek55@yopmail.com";"vivek55";"bharti55"
"vivek56@yopmail.com";"vivek56";"bharti56"
"vivek57@yopmail.com";"vivek57";"bharti57"
"vivek58@yopmail.com";"vivek58";"bharti58"
"vivek59@yopmail.com";"vivek59";"bharti59"
"vivek60@yopmail.com";"vivek60";"bharti60"
"vivek61@yopmail.com";"vivek61";"bharti61"
"vivek62@yopmail.com";"vivek62";"bharti62"
"vivek63@yopmail.com";"vivek63";"bharti63"
"vivek64@yopmail.com";"vivek64";"bharti64"
"vivek65@yopmail.com";"vivek65";"bharti65"
"vivek66@yopmail.com";"vivek66";"bharti66"
"vivek67@yopmail.com";"vivek67";"bharti67"
"vivek68@yopmail.com";"vivek68";"bharti68"
"vivek69@yopmail.com";"vivek69";"bharti69"
"vivek70@yopmail.com";"vivek70";"bharti70"
"vivek71@yopmail.com";"vivek71";"bharti71"
"vivek72@yopmail.com";"vivek72";"bharti72"
"vivek73@yopmail.com";"vivek73";"bharti73"
"vivek74@yopmail.com";"vivek74";"bharti74"
"vivek75@yopmail.com";"vivek75";"bharti75"
"vivek76@yopmail.com";"vivek76";"bharti76"
"vivek77@yopmail.com";"vivek77";"bharti77"
"vivek78@yopmail.com";"vivek78";"bharti78"
"vivek79@yopmail.com";"vivek79";"bharti79"
"vivek80@yopmail.com";"vivek80";"bharti80"
"vivek81@yopmail.com";"vivek81";"bharti81"
"vivek82@yopmail.com";"vivek82";"bharti82"
"vivek83@yopmail.com";"vivek83";"bharti83"
"vivek84@yopmail.com";"vivek84";"bharti84"
"vivek85@yopmail.com";"vivek85";"bharti85"
"vivek86@yopmail.com";"vivek86";"bharti86"
"vivek87@yopmail.com";"vivek87";"bharti87"
"vivek88@yopmail.com";"vivek88";"bharti88"
"vivek89@yopmail.com";"vivek89";"bharti89"
"vivek90@yopmail.com";"vivek90";"bharti90"
"vivek91@yopmail.com";"vivek91";"bharti91"
"vivek92@yopmail.com";"vivek92";"bharti92"
"vivek93@yopmail.com";"vivek93";"bharti93"
"vivek94@yopmail.com";"vivek94";"bharti94"
"vivek95@yopmail.com";"vivek95";"bharti95"
"vivek96@yopmail.com";"vivek96";"bharti96"
"vivek97@yopmail.com";"vivek97";"bharti97"
"vivek98@yopmail.com";"vivek98";"bharti98"
"vivek99@yopmail.com";"vivek99";"bharti99"
"vivek100@yopmail.com";"vivek100";"bharti100"
"vivek101@yopmail.com";"vivek101";"bharti101"
"vivek102@yopmail.com";"vivek102";"bharti102"
"vivek103@yopmail.com";"vivek103";"bharti103"
"vivek104@yopmail.com";"vivek104";"bharti104"
"vivek105@yopmail.com";"vivek105";"bharti105"
"vivek106@yopmail.com";"vivek106";"bharti106"
"vivek107@yopmail.com";"vivek107";"bharti107"
"vivek108@yopmail.com";"vivek108";"bharti108"
"vivek109@yopmail.com";"vivek109";"bharti109"
"vivek110@yopmail.com";"vivek110";"bharti110"
"vivek111@yopmail.com";"vivek111";"bharti111"
"vivek112@yopmail.com";"vivek112";"bharti112"
"vivek113@yopmail.com";"vivek113";"bharti113"
"vivek114@yopmail.com";"vivek114";"bharti114"
"vivek115@yopmail.com";"vivek115";"bharti115"
"vivek116@yopmail.com";"vivek116";"bharti116"
"vivek117@yopmail.com";"vivek117";"bharti117"
"vivek118@yopmail.com";"vivek118";"bharti118"
"vivek119@yopmail.com";"vivek119";"bharti119"
"vivek120@yopmail.com";"vivek120";"bharti120"
"vivek121@yopmail.com";"vivek121";"bharti121"
"vivek122@yopmail.com";"vivek122";"bharti122"
"vivek123@yopmail.com";"vivek123";"bharti123"
"vivek124@yopmail.com";"vivek124";"bharti124"
"vivek125@yopmail.com";"vivek125";"bharti125"
"vivek126@yopmail.com";"vivek126";"bharti126"
"vivek127@yopmail.com";"vivek127";"bharti127"
"vivek128@yopmail.com";"vivek128";"bharti128"
"vivek129@yopmail.com";"vivek129";"bharti129"
"vivek130@yopmail.com";"vivek130";"bharti130"
"vivek131@yopmail.com";"vivek131";"bharti131"
"vivek132@yopmail.com";"vivek132";"bharti132"
"vivek133@yopmail.com";"vivek133";"bharti133"
"vivek134@yopmail.com";"vivek134";"bharti134"
"vivek135@yopmail.com";"vivek135";"bharti135"
"vivek136@yopmail.com";"vivek136";"bharti136"
"vivek137@yopmail.com";"vivek137";"bharti137"
"vivek138@yopmail.com";"vivek138";"bharti138"
"vivek139@yopmail.com";"vivek139";"bharti139"
"vivek140@yopmail.com";"vivek140";"bharti140"
"vivek141@yopmail.com";"vivek141";"bharti141"
"vivek142@yopmail.com";"vivek142";"bharti142"
"vivek143@yopmail.com";"vivek143";"bharti143"
"vivek144@yopmail.com";"vivek144";"bharti144"
"vivek145@yopmail.com";"vivek145";"bharti145"
"vivek146@yopmail.com";"vivek146";"bharti146"
"vivek147@yopmail.com";"vivek147";"bharti147"
"vivek148@yopmail.com";"vivek148";"bharti148"
"vivek149@yopmail.com";"vivek149";"bharti149"
"vivek150@yopmail.com";"vivek150";"bharti150"
"vivek151@yopmail.com";"vivek151";"bharti151"
"vivek152@yopmail.com";"vivek152";"bharti152"
"vivek153@yopmail.com";"vivek153";"bharti153"
"vivek154@yopmail.com";"vivek154";"bharti154"
"vivek155@yopmail.com";"vivek155";"bharti155"
"vivek156@yopmail.com";"vivek156";"bharti156"
"vivek157@yopmail.com";"vivek157";"bharti157"
"vivek158@yopmail.com";"vivek158";"bharti158"
"vivek159@yopmail.com";"vivek159";"bharti159"
"vivek160@yopmail.com";"vivek160";"bharti160"
"vivek161@yopmail.com";"vivek161";"bharti161"
"vivek162@yopmail.com";"vivek162";"bharti162"
"vivek163@yopmail.com";"vivek163";"bharti163"
"vivek164@yopmail.com";"vivek164";"bharti164"
"vivek165@yopmail.com";"vivek165";"bharti165"
"vivek166@yopmail.com";"vivek166";"bharti166"
"vivek167@yopmail.com";"vivek167";"bharti167"
"vivek168@yopmail.com";"vivek168";"bharti168"
"vivek169@yopmail.com";"vivek169";"bharti169"
"vivek170@yopmail.com";"vivek170";"bharti170"
"vivek171@yopmail.com";"vivek171";"bharti171"
"vivek172@yopmail.com";"vivek172";"bharti172"
"vivek173@yopmail.com";"vivek173";"bharti173"
"vivek174@yopmail.com";"vivek174";"bharti174"
"vivek175@yopmail.com";"vivek175";"bharti175"
"vivek176@yopmail.com";"vivek176";"bharti176"
"vivek177@yopmail.com";"vivek177";"bharti177"
"vivek178@yopmail.com";"vivek178";"bharti178"
"vivek179@yopmail.com";"vivek179";"bharti179"
"vivek180@yopmail.com";"vivek180";"bharti180"
"vivek181@yopmail.com";"vivek181";"bharti181"
"vivek182@yopmail.com";"vivek182";"bharti182"
"vivek183@yopmail.com";"vivek183";"bharti183"
"vivek184@yopmail.com";"vivek184";"bharti184"
"vivek185@yopmail.com";"vivek185";"bharti185"
"vivek186@yopmail.com";"vivek186";"bharti186"
"vivek187@yopmail.com";"vivek187";"bharti187"
"vivek188@yopmail.com";"vivek188";"bharti188"
"vivek189@yopmail.com";"vivek189";"bharti189"
"vivek190@yopmail.com";"vivek190";"bharti190"
"vivek191@yopmail.com";"vivek191";"bharti191"
"vivek192@yopmail.com";"vivek192";"bharti192"
"vivek193@yopmail.com";"vivek193";"bharti193"
"vivek194@yopmail.com";"vivek194";"bharti194"
"vivek195@yopmail.com";"vivek195";"bharti195"
"vivek196@yopmail.com";"vivek196";"bharti196"
"vivek197@yopmail.com";"vivek197";"bharti197"
"vivek198@yopmail.com";"vivek198";"bharti198"
"vivek199@yopmail.com";"vivek199";"bharti199"
"vivek200@yopmail.com";"vivek200";"bharti200"
"vivek201@yopmail.com";"vivek201";"bharti201"
"vivek202@yopmail.com";"vivek202";"bharti202"
"vivek203@yopmail.com";"vivek203";"bharti203"
"vivek204@yopmail.com";"vivek204";"bharti204"
"vivek205@yopmail.com";"vivek205";"bharti205"
"vivek206@yopmail.com";"vivek206";"bharti206"
"vivek207@yopmail.com";"vivek207";"bharti207"
"vivek208@yopmail.com";"vivek208";"bharti208"
"vivek209@yopmail.com";"vivek209";"bharti209"
"vivek210@yopmail.com";"vivek210";"bharti210"
"vivek211@yopmail.com";"vivek211";"bharti211"
"vivek212@yopmail.com";"vivek212";"bharti212"
"vivek213@yopmail.com";"vivek213";"bharti213"
"vivek214@yopmail.com";"vivek214";"bharti214"
"vivek215@yopmail.com";"vivek215";"bharti215"
"vivek216@yopmail.com";"vivek216";"bharti216"
"vivek217@yopmail.com";"vivek217";"bharti217"
"vivek218@yopmail.com";"vivek218";"bharti218"
"vivek219@yopmail.com";"vivek219";"bharti219"
"vivek220@yopmail.com";"vivek220";"bharti220"
"vivek221@yopmail.com";"vivek221";"bharti221"
"vivek222@yopmail.com";"vivek222";"bharti222"
"vivek223@yopmail.com";"vivek223";"bharti223"
"vivek224@yopmail.com";"vivek224";"bharti224"
"vivek225@yopmail.com";"vivek225";"bharti225"
"vivek226@yopmail.com";"vivek226";"bharti226"
"vivek227@yopmail.com";"vivek227";"bharti227"
"vivek228@yopmail.com";"vivek228";"bharti228"
"vivek229@yopmail.com";"vivek229";"bharti229"
"vivek230@yopmail.com";"vivek230";"bharti230"
"vivek231@yopmail.com";"vivek231";"bharti231"
"vivek232@yopmail.com";"vivek232";"bharti232"
"vivek233@yopmail.com";"vivek233";"bharti233"
"vivek234@yopmail.com";"vivek234";"bharti234"
"vivek235@yopmail.com";"vivek235";"bharti235"
"vivek236@yopmail.com";"vivek236";"bharti236"
"vivek237@yopmail.com";"vivek237";"bharti237"
"vivek238@yopmail.com";"vivek238";"bharti238"
"vivek239@yopmail.com";"vivek239";"bharti239"
"vivek240@yopmail.com";"vivek240";"bharti240"
"vivek241@yopmail.com";"vivek241";"bharti241"
"vivek242@yopmail.com";"vivek242";"bharti242"
"vivek243@yopmail.com";"vivek243";"bharti243"
"vivek244@yopmail.com";"vivek244";"bharti244"
"vivek245@yopmail.com";"vivek245";"bharti245"
"vivek246@yopmail.com";"vivek246";"bharti246"
"vivek247@yopmail.com";"vivek247";"bharti247"
"vivek248@yopmail.com";"vivek248";"bharti248"
"vivek249@yopmail.com";"vivek249";"bharti249"
"vivek250@yopmail.com";"vivek250";"bharti250"
"vivek251@yopmail.com";"vivek251";"bharti251"
"vivek252@yopmail.com";"vivek252";"bharti252"
"vivek253@yopmail.com";"vivek253";"bharti253"
"vivek254@yopmail.com";"vivek254";"bharti254"
"vivek255@yopmail.com";"vivek255";"bharti255"
"vivek256@yopmail.com";"vivek256";"bharti256"
"vivek257@yopmail.com";"vivek257";"bharti257"
"vivek258@yopmail.com";"vivek258";"bharti258"
"vivek259@yopmail.com";"vivek259";"bharti259"
"vivek260@yopmail.com";"vivek260";"bharti260"
"vivek261@yopmail.com";"vivek261";"bharti261"
"vivek262@yopmail.com";"vivek262";"bharti262"
"vivek263@yopmail.com";"vivek263";"bharti263"
"vivek264@yopmail.com";"vivek264";"bharti264"
"vivek265@yopmail.com";"vivek265";"bharti265"
"vivek266@yopmail.com";"vivek266";"bharti266"
"vivek267@yopmail.com";"vivek267";"bharti267"
"vivek268@yopmail.com";"vivek268";"bharti268"
"vivek269@yopmail.com";"vivek269";"bharti269"
"vivek270@yopmail.com";"vivek270";"bharti270"
"vivek271@yopmail.com";"vivek271";"bharti271"
"vivek272@yopmail.com";"vivek272";"bharti272"
"vivek273@yopmail.com";"vivek273";"bharti273"
"vivek274@yopmail.com";"vivek274";"bharti274"
"vivek275@yopmail.com";"vivek275";"bharti275"
"vivek276@yopmail.com";"vivek276";"bharti276"
"vivek277@yopmail.com";"vivek277";"bharti277"
"vivek278@yopmail.com";"vivek278";"bharti278"
"vivek279@yopmail.com";"vivek279";"bharti279"
"vivek280@yopmail.com";"vivek280";"bharti280"
"vivek281@yopmail.com";"vivek281";"bharti281"
"vivek282@yopmail.com";"vivek282";"bharti282"
"vivek283@yopmail.com";"vivek283";"bharti283"
"vivek284@yopmail.com";"vivek284";"bharti284"
"vivek285@yopmail.com";"vivek285";"bharti285"
"vivek286@yopmail.com";"vivek286";"bharti286"
"vivek287@yopmail.com";"vivek287";"bharti287"
"vivek288@yopmail.com";"vivek288";"bharti288"
"vivek289@yopmail.com";"vivek289";"bharti289"
"vivek290@yopmail.com";"vivek290";"bharti290"
"vivek291@yopmail.com";"vivek291";"bharti291"
"vivek292@yopmail.com";"vivek292";"bharti292"
"vivek293@yopmail.com";"vivek293";"bharti293"
"vivek294@yopmail.com";"vivek294";"bharti294"
"vivek295@yopmail.com";"vivek295";"bharti295"
"vivek296@yopmail.com";"vivek296";"bharti296"
"vivek297@yopmail.com";"vivek297";"bharti297"
"vivek298@yopmail.com";"vivek298";"bharti298"
"vivek299@yopmail.com";"vivek299";"bharti299"
"vivek300@yopmail.com";"vivek300";"bharti300"
"vivek301@yopmail.com";"vivek301";"bharti301"
"vivek302@yopmail.com";"vivek302";"bharti302"
"vivek303@yopmail.com";"vivek303";"bharti303"
"vivek304@yopmail.com";"vivek304";"bharti304"
"vivek305@yopmail.com";"vivek305";"bharti305"
"vivek306@yopmail.com";"vivek306";"bharti306"
"vivek307@yopmail.com";"vivek307";"bharti307"
"vivek308@yopmail.com";"vivek308";"bharti308"
"vivek309@yopmail.com";"vivek309";"bharti309"
"vivek310@yopmail.com";"vivek310";"bharti310"
"vivek311@yopmail.com";"vivek311";"bharti311"
"vivek312@yopmail.com";"vivek312";"bharti312"
"vivek313@yopmail.com";"vivek313";"bharti313"
"vivek314@yopmail.com";"vivek314";"bharti314"
"vivek315@yopmail.com";"vivek315";"bharti315"
"vivek316@yopmail.com";"vivek316";"bharti316"
"vivek317@yopmail.com";"vivek317";"bharti317"
"vivek318@yopmail.com";"vivek318";"bharti318"
"vivek319@yopmail.com";"vivek319";"bharti319"
"vivek320@yopmail.com";"vivek320";"bharti320"
"vivek321@yopmail.com";"vivek321";"bharti321"
"vivek322@yopmail.com";"vivek322";"bharti322"
"vivek323@yopmail.com";"vivek323";"bharti323"
"vivek324@yopmail.com";"vivek324";"bharti324"
"vivek325@yopmail.com";"vivek325";"bharti325"
"vivek326@yopmail.com";"vivek326";"bharti326"
"vivek327@yopmail.com";"vivek327";"bharti327"
"vivek328@yopmail.com";"vivek328";"bharti328"
"vivek329@yopmail.com";"vivek329";"bharti329"
"vivek330@yopmail.com";"vivek330";"bharti330"
"vivek331@yopmail.com";"vivek331";"bharti331"
"vivek332@yopmail.com";"vivek332";"bharti332"
"vivek333@yopmail.com";"vivek333";"bharti333"
"vivek334@yopmail.com";"vivek334";"bharti334"
"vivek335@yopmail.com";"vivek335";"bharti335"
"vivek336@yopmail.com";"vivek336";"bharti336"
"vivek337@yopmail.com";"vivek337";"bharti337"
"vivek338@yopmail.com";"vivek338";"bharti338"
"vivek339@yopmail.com";"vivek339";"bharti339"
"vivek340@yopmail.com";"vivek340";"bharti340"
"vivek341@yopmail.com";"vivek341";"bharti341"
"vivek342@yopmail.com";"vivek342";"bharti342"
"vivek343@yopmail.com";"vivek343";"bharti343"
"vivek344@yopmail.com";"vivek344";"bharti344"
"vivek345@yopmail.com";"vivek345";"bharti345"
"vivek346@yopmail.com";"vivek346";"bharti346"
"vivek347@yopmail.com";"vivek347";"bharti347"
"vivek348@yopmail.com";"vivek348";"bharti348"
"vivek349@yopmail.com";"vivek349";"bharti349"
"vivek350@yopmail.com";"vivek350";"bharti350"
"vivek351@yopmail.com";"vivek351";"bharti351"
"vivek352@yopmail.com";"vivek352";"bharti352"
"vivek353@yopmail.com";"vivek353";"bharti353"
"vivek354@yopmail.com";"vivek354";"bharti354"
"vivek355@yopmail.com";"vivek355";"bharti355"
"vivek356@yopmail.com";"vivek356";"bharti356"
"vivek357@yopmail.com";"vivek357";"bharti357"
"vivek358@yopmail.com";"vivek358";"bharti358"
"vivek359@yopmail.com";"vivek359";"bharti359"
"vivek360@yopmail.com";"vivek360";"bharti360"
"vivek361@yopmail.com";"vivek361";"bharti361"
"vivek362@yopmail.com";"vivek362";"bharti362"
"vivek363@yopmail.com";"vivek363";"bharti363"
"vivek364@yopmail.com";"vivek364";"bharti364"
"vivek365@yopmail.com";"vivek365";"bharti365"
"vivek366@yopmail.com";"vivek366";"bharti366"
"vivek367@yopmail.com";"vivek367";"bharti367"
"vivek368@yopmail.com";"vivek368";"bharti368"
"vivek369@yopmail.com";"vivek369";"bharti369"
"vivek370@yopmail.com";"vivek370";"bharti370"
"vivek371@yopmail.com";"vivek371";"bharti371"
"vivek372@yopmail.com";"vivek372";"bharti372"
"vivek373@yopmail.com";"vivek373";"bharti373"
"vivek374@yopmail.com";"vivek374";"bharti374"
"vivek375@yopmail.com";"vivek375";"bharti375"
"vivek376@yopmail.com";"vivek376";"bharti376"
"vivek377@yopmail.com";"vivek377";"bharti377"
"vivek378@yopmail.com";"vivek378";"bharti378"
"vivek379@yopmail.com";"vivek379";"bharti379"
"vivek380@yopmail.com";"vivek380";"bharti380"
"vivek381@yopmail.com";"vivek381";"bharti381"
"vivek382@yopmail.com";"vivek382";"bharti382"
"vivek383@yopmail.com";"vivek383";"bharti383"
"vivek384@yopmail.com";"vivek384";"bharti384"
"vivek385@yopmail.com";"vivek385";"bharti385"
"vivek386@yopmail.com";"vivek386";"bharti386"
"vivek387@yopmail.com";"vivek387";"bharti387"
"vivek388@yopmail.com";"vivek388";"bharti388"
"vivek389@yopmail.com";"vivek389";"bharti389"
"vivek390@yopmail.com";"vivek390";"bharti390"
"vivek391@yopmail.com";"vivek391";"bharti391"
"vivek392@yopmail.com";"vivek392";"bharti392"
"vivek393@yopmail.com";"vivek393";"bharti393"
"vivek394@yopmail.com";"vivek394";"bharti394"
"vivek395@yopmail.com";"vivek395";"bharti395"
"vivek396@yopmail.com";"vivek396";"bharti396"
"vivek397@yopmail.com";"vivek397";"bharti397"
"vivek398@yopmail.com";"vivek398";"bharti398"
"vivek399@yopmail.com";"vivek399";"bharti399"
"vivek400@yopmail.com";"vivek400";"bharti400"
"vivek401@yopmail.com";"vivek401";"bharti401"
"vivek402@yopmail.com";"vivek402";"bharti402"
"vivek403@yopmail.com";"vivek403";"bharti403"
"vivek404@yopmail.com";"vivek404";"bharti404"
"vivek405@yopmail.com";"vivek405";"bharti405"
"vivek406@yopmail.com";"vivek406";"bharti406"
"vivek407@yopmail.com";"vivek407";"bharti407"
"vivek408@yopmail.com";"vivek408";"bharti408"
"vivek409@yopmail.com";"vivek409";"bharti409"
"vivek410@yopmail.com";"vivek410";"bharti410"
"vivek411@yopmail.com";"vivek411";"bharti411"
"vivek412@yopmail.com";"vivek412";"bharti412"
"vivek413@yopmail.com";"vivek413";"bharti413"
"vivek414@yopmail.com";"vivek414";"bharti414"
"vivek415@yopmail.com";"vivek415";"bharti415"
"vivek416@yopmail.com";"vivek416";"bharti416"
"vivek417@yopmail.com";"vivek417";"bharti417"
"vivek418@yopmail.com";"vivek418";"bharti418"
"vivek419@yopmail.com";"vivek419";"bharti419"
"vivek420@yopmail.com";"vivek420";"bharti420"
"vivek421@yopmail.com";"vivek421";"bharti421"
"vivek422@yopmail.com";"vivek422";"bharti422"
"vivek423@yopmail.com";"vivek423";"bharti423"
"vivek424@yopmail.com";"vivek424";"bharti424"
"vivek425@yopmail.com";"vivek425";"bharti425"
"vivek426@yopmail.com";"vivek426";"bharti426"
"vivek427@yopmail.com";"vivek427";"bharti427"
"vivek428@yopmail.com";"vivek428";"bharti428"
"vivek429@yopmail.com";"vivek429";"bharti429"
"vivek430@yopmail.com";"vivek430";"bharti430"
"vivek431@yopmail.com";"vivek431";"bharti431"
"vivek432@yopmail.com";"vivek432";"bharti432"
"vivek433@yopmail.com";"vivek433";"bharti433"
"vivek434@yopmail.com";"vivek434";"bharti434"
"vivek435@yopmail.com";"vivek435";"bharti435"
"vivek436@yopmail.com";"vivek436";"bharti436"
"vivek437@yopmail.com";"vivek437";"bharti437"
"vivek438@yopmail.com";"vivek438";"bharti438"
"vivek439@yopmail.com";"vivek439";"bharti439"
"vivek440@yopmail.com";"vivek440";"bharti440"
"vivek441@yopmail.com";"vivek441";"bharti441"
"vivek442@yopmail.com";"vivek442";"bharti442"
"vivek443@yopmail.com";"vivek443";"bharti443"
"vivek444@yopmail.com";"vivek444";"bharti444"
"vivek445@yopmail.com";"vivek445";"bharti445"
"vivek446@yopmail.com";"vivek446";"bharti446"
"vivek447@yopmail.com";"vivek447";"bharti447"
"vivek448@yopmail.com";"vivek448";"bharti448"
"vivek449@yopmail.com";"vivek449";"bharti449"
"vivek450@yopmail.com";"vivek450";"bharti450"
"vivek451@yopmail.com";"vivek451";"bharti451"
"vivek452@yopmail.com";"vivek452";"bharti452"
"vivek453@yopmail.com";"vivek453";"bharti453"
"vivek454@yopmail.com";"vivek454";"bharti454"
"vivek455@yopmail.com";"vivek455";"bharti455"
"vivek456@yopmail.com";"vivek456";"bharti456"
"vivek457@yopmail.com";"vivek457";"bharti457"
"vivek458@yopmail.com";"vivek458";"bharti458"
"vivek459@yopmail.com";"vivek459";"bharti459"
"vivek460@yopmail.com";"vivek460";"bharti460"
"vivek461@yopmail.com";"vivek461";"bharti461"
"vivek462@yopmail.com";"vivek462";"bharti462"
"vivek463@yopmail.com";"vivek463";"bharti463"
"vivek464@yopmail.com";"vivek464";"bharti464"
"vivek465@yopmail.com";"vivek465";"bharti465"
"vivek466@yopmail.com";"vivek466";"bharti466"
"vivek467@yopmail.com";"vivek467";"bharti467"
"vivek468@yopmail.com";"vivek468";"bharti468"
"vivek469@yopmail.com";"vivek469";"bharti469"
"vivek470@yopmail.com";"vivek470";"bharti470"
"vivek471@yopmail.com";"vivek471";"bharti471"
"vivek472@yopmail.com";"vivek472";"bharti472"
"vivek473@yopmail.com";"vivek473";"bharti473"
"vivek474@yopmail.com";"vivek474";"bharti474"
"vivek475@yopmail.com";"vivek475";"bharti475"
"vivek476@yopmail.com";"vivek476";"bharti476"
"vivek477@yopmail.com";"vivek477";"bharti477"
"vivek478@yopmail.com";"vivek478";"bharti478"
"vivek479@yopmail.com";"vivek479";"bharti479"
"vivek480@yopmail.com";"vivek480";"bharti480"
"vivek481@yopmail.com";"vivek481";"bharti481"
"vivek482@yopmail.com";"vivek482";"bharti482"
"vivek483@yopmail.com";"vivek483";"bharti483"
"vivek484@yopmail.com";"vivek484";"bharti484"
"vivek485@yopmail.com";"vivek485";"bharti485"
"vivek486@yopmail.com";"vivek486";"bharti486"
"vivek487@yopmail.com";"vivek487";"bharti487"
"vivek488@yopmail.com";"vivek488";"bharti488"
"vivek489@yopmail.com";"vivek489";"bharti489"
"vivek490@yopmail.com";"vivek490";"bharti490"
"vivek491@yopmail.com";"vivek491";"bharti491"
"vivek492@yopmail.com";"vivek492";"bharti492"
"vivek493@yopmail.com";"vivek493";"bharti493"
"vivek494@yopmail.com";"vivek494";"bharti494"
"vivek495@yopmail.com";"vivek495";"bharti495"
"vivek496@yopmail.com";"vivek496";"bharti496"
"vivek497@yopmail.com";"vivek497";"bharti497"
"vivek498@yopmail.com";"vivek498";"bharti498"
"vivek499@yopmail.com";"vivek499";"bharti499"
"vivek500@yopmail.com";"vivek500";"bharti500"
"vivek501@yopmail.com";"vivek501";"bharti501"
"vivek502@yopmail.com";"vivek502";"bharti502"
"vivek503@yopmail.com";"vivek503";"bharti503"
"vivek504@yopmail.com";"vivek504";"bharti504"
"vivek505@yopmail.com";"vivek505";"bharti505"
"vivek506@yopmail.com";"vivek506";"bharti506"
"vivek507@yopmail.com";"vivek507";"bharti507"
"vivek508@yopmail.com";"vivek508";"bharti508"
"vivek509@yopmail.com";"vivek509";"bharti509"
"vivek510@yopmail.com";"vivek510";"bharti510"
"vivek511@yopmail.com";"vivek511";"bharti511"
"vivek512@yopmail.com";"vivek512";"bharti512"
"vivek513@yopmail.com";"vivek513";"bharti513"
"vivek514@yopmail.com";"vivek514";"bharti514"
"vivek515@yopmail.com";"vivek515";"bharti515"
"vivek516@yopmail.com";"vivek516";"bharti516"
"vivek517@yopmail.com";"vivek517";"bharti517"
"vivek518@yopmail.com";"vivek518";"bharti518"
"vivek519@yopmail.com";"vivek519";"bharti519"
"vivek520@yopmail.com";"vivek520";"bharti520"
"vivek521@yopmail.com";"vivek521";"bharti521"
"vivek522@yopmail.com";"vivek522";"bharti522"
"vivek523@yopmail.com";"vivek523";"bharti523"
"vivek524@yopmail.com";"vivek524";"bharti524"
"vivek525@yopmail.com";"vivek525";"bharti525"
"vivek526@yopmail.com";"vivek526";"bharti526"
"vivek527@yopmail.com";"vivek527";"bharti527"
"vivek528@yopmail.com";"vivek528";"bharti528"
"vivek529@yopmail.com";"vivek529";"bharti529"
"vivek530@yopmail.com";"vivek530";"bharti530"
"vivek531@yopmail.com";"vivek531";"bharti531"
"vivek532@yopmail.com";"vivek532";"bharti532"
"vivek533@yopmail.com";"vivek533";"bharti533"
"vivek534@yopmail.com";"vivek534";"bharti534"
"vivek535@yopmail.com";"vivek535";"bharti535"
"vivek536@yopmail.com";"vivek536";"bharti536"
"vivek537@yopmail.com";"vivek537";"bharti537"
"vivek538@yopmail.com";"vivek538";"bharti538"
"vivek539@yopmail.com";"vivek539";"bharti539"
"vivek540@yopmail.com";"vivek540";"bharti540"
"vivek541@yopmail.com";"vivek541";"bharti541"
"vivek542@yopmail.com";"vivek542";"bharti542"
"vivek543@yopmail.com";"vivek543";"bharti543"
"vivek544@yopmail.com";"vivek544";"bharti544"
"vivek545@yopmail.com";"vivek545";"bharti545"
"vivek546@yopmail.com";"vivek546";"bharti546"
"vivek547@yopmail.com";"vivek547";"bharti547"
"vivek548@yopmail.com";"vivek548";"bharti548"
"vivek549@yopmail.com";"vivek549";"bharti549"
"vivek550@yopmail.com";"vivek550";"bharti550"
"vivek551@yopmail.com";"vivek551";"bharti551"
"vivek552@yopmail.com";"vivek552";"bharti552"
"vivek553@yopmail.com";"vivek553";"bharti553"
"vivek554@yopmail.com";"vivek554";"bharti554"
"vivek555@yopmail.com";"vivek555";"bharti555"
"vivek556@yopmail.com";"vivek556";"bharti556"
"vivek557@yopmail.com";"vivek557";"bharti557"
"vivek558@yopmail.com";"vivek558";"bharti558"
"vivek559@yopmail.com";"vivek559";"bharti559"
"vivek560@yopmail.com";"vivek560";"bharti560"
"vivek561@yopmail.com";"vivek561";"bharti561"
"vivek562@yopmail.com";"vivek562";"bharti562"
"vivek563@yopmail.com";"vivek563";"bharti563"
"vivek564@yopmail.com";"vivek564";"bharti564"
"vivek565@yopmail.com";"vivek565";"bharti565"
"vivek566@yopmail.com";"vivek566";"bharti566"
"vivek567@yopmail.com";"vivek567";"bharti567"
"vivek568@yopmail.com";"vivek568";"bharti568"
"vivek569@yopmail.com";"vivek569";"bharti569"
"vivek570@yopmail.com";"vivek570";"bharti570"
"vivek571@yopmail.com";"vivek571";"bharti571"
"vivek572@yopmail.com";"vivek572";"bharti572"
"vivek573@yopmail.com";"vivek573";"bharti573"
"vivek574@yopmail.com";"vivek574";"bharti574"
"vivek575@yopmail.com";"vivek575";"bharti575"
"vivek576@yopmail.com";"vivek576";"bharti576"
"vivek577@yopmail.com";"vivek577";"bharti577"
"vivek578@yopmail.com";"vivek578";"bharti578"
"vivek579@yopmail.com";"vivek579";"bharti579"
"vivek580@yopmail.com";"vivek580";"bharti580"
"vivek581@yopmail.com";"vivek581";"bharti581"
"vivek582@yopmail.com";"vivek582";"bharti582"
"vivek583@yopmail.com";"vivek583";"bharti583"
"vivek584@yopmail.com";"vivek584";"bharti584"
"vivek585@yopmail.com";"vivek585";"bharti585"
"vivek586@yopmail.com";"vivek586";"bharti586"
"vivek587@yopmail.com";"vivek587";"bharti587"
"vivek588@yopmail.com";"vivek588";"bharti588"
"vivek589@yopmail.com";"vivek589";"bharti589"
"vivek590@yopmail.com";"vivek590";"bharti590"
"vivek591@yopmail.com";"vivek591";"bharti591"
"vivek592@yopmail.com";"vivek592";"bharti592"
"vivek593@yopmail.com";"vivek593";"bharti593"
"vivek594@yopmail.com";"vivek594";"bharti594"
"vivek595@yopmail.com";"vivek595";"bharti595"
"vivek596@yopmail.com";"vivek596";"bharti596"
"vivek597@yopmail.com";"vivek597";"bharti597"
"vivek598@yopmail.com";"vivek598";"bharti598"
"vivek599@yopmail.com";"vivek599";"bharti599"
"vivek600@yopmail.com";"vivek600";"bharti600"
"vivek601@yopmail.com";"vivek601";"bharti601"
"vivek602@yopmail.com";"vivek602";"bharti602"
"vivek603@yopmail.com";"vivek603";"bharti603"
"vivek604@yopmail.com";"vivek604";"bharti604"
"vivek605@yopmail.com";"vivek605";"bharti605"
"vivek606@yopmail.com";"vivek606";"bharti606"
"vivek607@yopmail.com";"vivek607";"bharti607"
"vivek608@yopmail.com";"vivek608";"bharti608"
"vivek609@yopmail.com";"vivek609";"bharti609"
"vivek610@yopmail.com";"vivek610";"bharti610"
"vivek611@yopmail.com";"vivek611";"bharti611"
"vivek612@yopmail.com";"vivek612";"bharti612"
"vivek613@yopmail.com";"vivek613";"bharti613"
"vivek614@yopmail.com";"vivek614";"bharti614"
"vivek615@yopmail.com";"vivek615";"bharti615"
"vivek616@yopmail.com";"vivek616";"bharti616"
"vivek617@yopmail.com";"vivek617";"bharti617"
"vivek618@yopmail.com";"vivek618";"bharti618"
"vivek619@yopmail.com";"vivek619";"bharti619"
"vivek620@yopmail.com";"vivek620";"bharti620"
"vivek621@yopmail.com";"vivek621";"bharti621"
"vivek622@yopmail.com";"vivek622";"bharti622"
"vivek623@yopmail.com";"vivek623";"bharti623"
"vivek624@yopmail.com";"vivek624";"bharti624"
"vivek625@yopmail.com";"vivek625";"bharti625"
"vivek626@yopmail.com";"vivek626";"bharti626"
"vivek627@yopmail.com";"vivek627";"bharti627"
"vivek628@yopmail.com";"vivek628";"bharti628"
"vivek629@yopmail.com";"vivek629";"bharti629"
"vivek630@yopmail.com";"vivek630";"bharti630"
"vivek631@yopmail.com";"vivek631";"bharti631"
"vivek632@yopmail.com";"vivek632";"bharti632"
"vivek633@yopmail.com";"vivek633";"bharti633"
"vivek634@yopmail.com";"vivek634";"bharti634"
"vivek635@yopmail.com";"vivek635";"bharti635"
"vivek636@yopmail.com";"vivek636";"bharti636"
"vivek637@yopmail.com";"vivek637";"bharti637"
"vivek638@yopmail.com";"vivek638";"bharti638"
"vivek639@yopmail.com";"vivek639";"bharti639"
"vivek640@yopmail.com";"vivek640";"bharti640"
"vivek641@yopmail.com";"vivek641";"bharti641"
"vivek642@yopmail.com";"vivek642";"bharti642"
"vivek643@yopmail.com";"vivek643";"bharti643"
"vivek644@yopmail.com";"vivek644";"bharti644"
"vivek645@yopmail.com";"vivek645";"bharti645"
"vivek646@yopmail.com";"vivek646";"bharti646"
"vivek647@yopmail.com";"vivek647";"bharti647"
"vivek648@yopmail.com";"vivek648";"bharti648"
"vivek649@yopmail.com";"vivek649";"bharti649"
"vivek650@yopmail.com";"vivek650";"bharti650"
"vivek651@yopmail.com";"vivek651";"bharti651"
"vivek652@yopmail.com";"vivek652";"bharti652"
"vivek653@yopmail.com";"vivek653";"bharti653"
"vivek654@yopmail.com";"vivek654";"bharti654"
"vivek655@yopmail.com";"vivek655";"bharti655"
"vivek656@yopmail.com";"vivek656";"bharti656"
"vivek657@yopmail.com";"vivek657";"bharti657"
"vivek658@yopmail.com";"vivek658";"bharti658"
"vivek659@yopmail.com";"vivek659";"bharti659"
"vivek660@yopmail.com";"vivek660";"bharti660"
"vivek661@yopmail.com";"vivek661";"bharti661"
"vivek662@yopmail.com";"vivek662";"bharti662"
"vivek663@yopmail.com";"vivek663";"bharti663"
"vivek664@yopmail.com";"vivek664";"bharti664"
"vivek665@yopmail.com";"vivek665";"bharti665"
"vivek666@yopmail.com";"vivek666";"bharti666"
"vivek667@yopmail.com";"vivek667";"bharti667"
"vivek668@yopmail.com";"vivek668";"bharti668"
"vivek669@yopmail.com";"vivek669";"bharti669"
"vivek670@yopmail.com";"vivek670";"bharti670"
"vivek671@yopmail.com";"vivek671";"bharti671"
"vivek672@yopmail.com";"vivek672";"bharti672"
"vivek673@yopmail.com";"vivek673";"bharti673"
"vivek674@yopmail.com";"vivek674";"bharti674"
"vivek675@yopmail.com";"vivek675";"bharti675"
"vivek676@yopmail.com";"vivek676";"bharti676"
"vivek677@yopmail.com";"vivek677";"bharti677"
"vivek678@yopmail.com";"vivek678";"bharti678"
"vivek679@yopmail.com";"vivek679";"bharti679"
"vivek680@yopmail.com";"vivek680";"bharti680"
"vivek681@yopmail.com";"vivek681";"bharti681"
"vivek682@yopmail.com";"vivek682";"bharti682"
"vivek683@yopmail.com";"vivek683";"bharti683"
"vivek684@yopmail.com";"vivek684";"bharti684"
"vivek685@yopmail.com";"vivek685";"bharti685"
"vivek686@yopmail.com";"vivek686";"bharti686"
"vivek687@yopmail.com";"vivek687";"bharti687"
"vivek688@yopmail.com";"vivek688";"bharti688"
"vivek689@yopmail.com";"vivek689";"bharti689"
"vivek690@yopmail.com";"vivek690";"bharti690"
"vivek691@yopmail.com";"vivek691";"bharti691"
"vivek692@yopmail.com";"vivek692";"bharti692"
"vivek693@yopmail.com";"vivek693";"bharti693"
"vivek694@yopmail.com";"vivek694";"bharti694"
"vivek695@yopmail.com";"vivek695";"bharti695"
"vivek696@yopmail.com";"vivek696";"bharti696"
"vivek697@yopmail.com";"vivek697";"bharti697"
"vivek698@yopmail.com";"vivek698";"bharti698"
"vivek699@yopmail.com";"vivek699";"bharti699"
"vivek700@yopmail.com";"vivek700";"bharti700"
"vivek701@yopmail.com";"vivek701";"bharti701"
"vivek702@yopmail.com";"vivek702";"bharti702"
"vivek703@yopmail.com";"vivek703";"bharti703"
"vivek704@yopmail.com";"vivek704";"bharti704"
"vivek705@yopmail.com";"vivek705";"bharti705"
"vivek706@yopmail.com";"vivek706";"bharti706"
"vivek707@yopmail.com";"vivek707";"bharti707"
"vivek708@yopmail.com";"vivek708";"bharti708"
"vivek709@yopmail.com";"vivek709";"bharti709"
"vivek710@yopmail.com";"vivek710";"bharti710"
"vivek711@yopmail.com";"vivek711";"bharti711"
"vivek712@yopmail.com";"vivek712";"bharti712"
"vivek713@yopmail.com";"vivek713";"bharti713"
"vivek714@yopmail.com";"vivek714";"bharti714"
"vivek715@yopmail.com";"vivek715";"bharti715"
"vivek716@yopmail.com";"vivek716";"bharti716"
"vivek717@yopmail.com";"vivek717";"bharti717"
"vivek718@yopmail.com";"vivek718";"bharti718"
"vivek719@yopmail.com";"vivek719";"bharti719"
"vivek720@yopmail.com";"vivek720";"bharti720"
"vivek721@yopmail.com";"vivek721";"bharti721"
"vivek722@yopmail.com";"vivek722";"bharti722"
"vivek723@yopmail.com";"vivek723";"bharti723"
"vivek724@yopmail.com";"vivek724";"bharti724"
"vivek725@yopmail.com";"vivek725";"bharti725"
"vivek726@yopmail.com";"vivek726";"bharti726"
"vivek727@yopmail.com";"vivek727";"bharti727"
"vivek728@yopmail.com";"vivek728";"bharti728"
"vivek729@yopmail.com";"vivek729";"bharti729"
"vivek730@yopmail.com";"vivek730";"bharti730"
"vivek731@yopmail.com";"vivek731";"bharti731"
"vivek732@yopmail.com";"vivek732";"bharti732"
"vivek733@yopmail.com";"vivek733";"bharti733"
"vivek734@yopmail.com";"vivek734";"bharti734"
"vivek735@yopmail.com";"vivek735";"bharti735"
"vivek736@yopmail.com";"vivek736";"bharti736"
"vivek737@yopmail.com";"vivek737";"bharti737"
"vivek738@yopmail.com";"vivek738";"bharti738"
"vivek739@yopmail.com";"vivek739";"bharti739"
"vivek740@yopmail.com";"vivek740";"bharti740"
"vivek741@yopmail.com";"vivek741";"bharti741"
"vivek742@yopmail.com";"vivek742";"bharti742"
"vivek743@yopmail.com";"vivek743";"bharti743"
"vivek744@yopmail.com";"vivek744";"bharti744"
"vivek745@yopmail.com";"vivek745";"bharti745"
"vivek746@yopmail.com";"vivek746";"bharti746"
"vivek747@yopmail.com";"vivek747";"bharti747"
"vivek748@yopmail.com";"vivek748";"bharti748"
"vivek749@yopmail.com";"vivek749";"bharti749"
"vivek750@yopmail.com";"vivek750";"bharti750"
"vivek751@yopmail.com";"vivek751";"bharti751"
"vivek752@yopmail.com";"vivek752";"bharti752"
"vivek753@yopmail.com";"vivek753";"bharti753"
"vivek754@yopmail.com";"vivek754";"bharti754"
"vivek755@yopmail.com";"vivek755";"bharti755"
"vivek756@yopmail.com";"vivek756";"bharti756"
"vivek757@yopmail.com";"vivek757";"bharti757"
"vivek758@yopmail.com";"vivek758";"bharti758"
"vivek759@yopmail.com";"vivek759";"bharti759"
"vivek760@yopmail.com";"vivek760";"bharti760"
"vivek761@yopmail.com";"vivek761";"bharti761"
"vivek762@yopmail.com";"vivek762";"bharti762"
"vivek763@yopmail.com";"vivek763";"bharti763"
"vivek764@yopmail.com";"vivek764";"bharti764"
"vivek765@yopmail.com";"vivek765";"bharti765"
"vivek766@yopmail.com";"vivek766";"bharti766"
"vivek767@yopmail.com";"vivek767";"bharti767"
"vivek768@yopmail.com";"vivek768";"bharti768"
"vivek769@yopmail.com";"vivek769";"bharti769"
"vivek770@yopmail.com";"vivek770";"bharti770"
"vivek771@yopmail.com";"vivek771";"bharti771"
"vivek772@yopmail.com";"vivek772";"bharti772"
"vivek773@yopmail.com";"vivek773";"bharti773"
"vivek774@yopmail.com";"vivek774";"bharti774"
"vivek775@yopmail.com";"vivek775";"bharti775"
"vivek776@yopmail.com";"vivek776";"bharti776"
"vivek777@yopmail.com";"vivek777";"bharti777"
"vivek778@yopmail.com";"vivek778";"bharti778"
"vivek779@yopmail.com";"vivek779";"bharti779"
"vivek780@yopmail.com";"vivek780";"bharti780"
"vivek781@yopmail.com";"vivek781";"bharti781"
"vivek782@yopmail.com";"vivek782";"bharti782"
"vivek783@yopmail.com";"vivek783";"bharti783"
"vivek784@yopmail.com";"vivek784";"bharti784"
"vivek785@yopmail.com";"vivek785";"bharti785"
"vivek786@yopmail.com";"vivek786";"bharti786"
"vivek787@yopmail.com";"vivek787";"bharti787"
"vivek788@yopmail.com";"vivek788";"bharti788"
"vivek789@yopmail.com";"vivek789";"bharti789"
"vivek790@yopmail.com";"vivek790";"bharti790"
"vivek791@yopmail.com";"vivek791";"bharti791"
"vivek792@yopmail.com";"vivek792";"bharti792"
"vivek793@yopmail.com";"vivek793";"bharti793"
"vivek794@yopmail.com";"vivek794";"bharti794"
"vivek795@yopmail.com";"vivek795";"bharti795"
"vivek796@yopmail.com";"vivek796";"bharti796"
"vivek797@yopmail.com";"vivek797";"bharti797"
"vivek798@yopmail.com";"vivek798";"bharti798"
"vivek799@yopmail.com";"vivek799";"bharti799"
"vivek800@yopmail.com";"vivek800";"bharti800"
"vivek801@yopmail.com";"vivek801";"bharti801"
"vivek802@yopmail.com";"vivek802";"bharti802"
"vivek803@yopmail.com";"vivek803";"bharti803"
"vivek804@yopmail.com";"vivek804";"bharti804"
"vivek805@yopmail.com";"vivek805";"bharti805"
"vivek806@yopmail.com";"vivek806";"bharti806"
"vivek807@yopmail.com";"vivek807";"bharti807"
"vivek808@yopmail.com";"vivek808";"bharti808"
"vivek809@yopmail.com";"vivek809";"bharti809"
"vivek810@yopmail.com";"vivek810";"bharti810"
"vivek811@yopmail.com";"vivek811";"bharti811"
"vivek812@yopmail.com";"vivek812";"bharti812"
"vivek813@yopmail.com";"vivek813";"bharti813"
"vivek814@yopmail.com";"vivek814";"bharti814"
"vivek815@yopmail.com";"vivek815";"bharti815"
"vivek816@yopmail.com";"vivek816";"bharti816"
"vivek817@yopmail.com";"vivek817";"bharti817"
"vivek818@yopmail.com";"vivek818";"bharti818"
"vivek819@yopmail.com";"vivek819";"bharti819"
"vivek820@yopmail.com";"vivek820";"bharti820"
"vivek821@yopmail.com";"vivek821";"bharti821"
"vivek822@yopmail.com";"vivek822";"bharti822"
"vivek823@yopmail.com";"vivek823";"bharti823"
"vivek824@yopmail.com";"vivek824";"bharti824"
"vivek825@yopmail.com";"vivek825";"bharti825"
"vivek826@yopmail.com";"vivek826";"bharti826"
"vivek827@yopmail.com";"vivek827";"bharti827"
"vivek828@yopmail.com";"vivek828";"bharti828"
"vivek829@yopmail.com";"vivek829";"bharti829"
"vivek830@yopmail.com";"vivek830";"bharti830"
"vivek831@yopmail.com";"vivek831";"bharti831"
"vivek832@yopmail.com";"vivek832";"bharti832"
"vivek833@yopmail.com";"vivek833";"bharti833"
"vivek834@yopmail.com";"vivek834";"bharti834"
"vivek835@yopmail.com";"vivek835";"bharti835"
"vivek836@yopmail.com";"vivek836";"bharti836"
"vivek837@yopmail.com";"vivek837";"bharti837"
"vivek838@yopmail.com";"vivek838";"bharti838"
"vivek839@yopmail.com";"vivek839";"bharti839"
"vivek840@yopmail.com";"vivek840";"bharti840"
"vivek841@yopmail.com";"vivek841";"bharti841"
"vivek842@yopmail.com";"vivek842";"bharti842"
"vivek843@yopmail.com";"vivek843";"bharti843"
"vivek844@yopmail.com";"vivek844";"bharti844"
"vivek845@yopmail.com";"vivek845";"bharti845"
"vivek846@yopmail.com";"vivek846";"bharti846"
"vivek847@yopmail.com";"vivek847";"bharti847"
"vivek848@yopmail.com";"vivek848";"bharti848"
"vivek849@yopmail.com";"vivek849";"bharti849"
"vivek850@yopmail.com";"vivek850";"bharti850"
"vivek851@yopmail.com";"vivek851";"bharti851"
"vivek852@yopmail.com";"vivek852";"bharti852"
"vivek853@yopmail.com";"vivek853";"bharti853"
"vivek854@yopmail.com";"vivek854";"bharti854"
"vivek855@yopmail.com";"vivek855";"bharti855"
"vivek856@yopmail.com";"vivek856";"bharti856"
"vivek857@yopmail.com";"vivek857";"bharti857"
"vivek858@yopmail.com";"vivek858";"bharti858"
"vivek859@yopmail.com";"vivek859";"bharti859"
"vivek860@yopmail.com";"vivek860";"bharti860"
"vivek861@yopmail.com";"vivek861";"bharti861"
"vivek862@yopmail.com";"vivek862";"bharti862"
"vivek863@yopmail.com";"vivek863";"bharti863"
"vivek864@yopmail.com";"vivek864";"bharti864"
"vivek865@yopmail.com";"vivek865";"bharti865"
"vivek866@yopmail.com";"vivek866";"bharti866"
"vivek867@yopmail.com";"vivek867";"bharti867"
"vivek868@yopmail.com";"vivek868";"bharti868"
"vivek869@yopmail.com";"vivek869";"bharti869"
"vivek870@yopmail.com";"vivek870";"bharti870"
"vivek871@yopmail.com";"vivek871";"bharti871"
"vivek872@yopmail.com";"vivek872";"bharti872"
"vivek873@yopmail.com";"vivek873";"bharti873"
"vivek874@yopmail.com";"vivek874";"bharti874"
"vivek875@yopmail.com";"vivek875";"bharti875"
"vivek876@yopmail.com";"vivek876";"bharti876"
"vivek877@yopmail.com";"vivek877";"bharti877"
"vivek878@yopmail.com";"vivek878";"bharti878"
"vivek879@yopmail.com";"vivek879";"bharti879"
"vivek880@yopmail.com";"vivek880";"bharti880"
"vivek881@yopmail.com";"vivek881";"bharti881"
"vivek882@yopmail.com";"vivek882";"bharti882"
"vivek883@yopmail.com";"vivek883";"bharti883"
"vivek884@yopmail.com";"vivek884";"bharti884"
"vivek885@yopmail.com";"vivek885";"bharti885"
"vivek886@yopmail.com";"vivek886";"bharti886"
"vivek887@yopmail.com";"vivek887";"bharti887"
"vivek888@yopmail.com";"vivek888";"bharti888"
"vivek889@yopmail.com";"vivek889";"bharti889"
"vivek890@yopmail.com";"vivek890";"bharti890"
"vivek891@yopmail.com";"vivek891";"bharti891"
"vivek892@yopmail.com";"vivek892";"bharti892"
"vivek893@yopmail.com";"vivek893";"bharti893"
"vivek894@yopmail.com";"vivek894";"bharti894"
"vivek895@yopmail.com";"vivek895";"bharti895"
"vivek896@yopmail.com";"vivek896";"bharti896"
"vivek897@yopmail.com";"vivek897";"bharti897"
"vivek898@yopmail.com";"vivek898";"bharti898"
"vivek899@yopmail.com";"vivek899";"bharti899"
"vivek900@yopmail.com";"vivek900";"bharti900"
"vivek901@yopmail.com";"vivek901";"bharti901"
"vivek902@yopmail.com";"vivek902";"bharti902"
"vivek903@yopmail.com";"vivek903";"bharti903"
"vivek904@yopmail.com";"vivek904";"bharti904"
"vivek905@yopmail.com";"vivek905";"bharti905"
"vivek906@yopmail.com";"vivek906";"bharti906"
"vivek907@yopmail.com";"vivek907";"bharti907"
"vivek908@yopmail.com";"vivek908";"bharti908"
"vivek909@yopmail.com";"vivek909";"bharti909"
"vivek910@yopmail.com";"vivek910";"bharti910"
"vivek911@yopmail.com";"vivek911";"bharti911"
"vivek912@yopmail.com";"vivek912";"bharti912"
"vivek913@yopmail.com";"vivek913";"bharti913"
"vivek914@yopmail.com";"vivek914";"bharti914"
"vivek915@yopmail.com";"vivek915";"bharti915"
"vivek916@yopmail.com";"vivek916";"bharti916"
"vivek917@yopmail.com";"vivek917";"bharti917"
"vivek918@yopmail.com";"vivek918";"bharti918"
"vivek919@yopmail.com";"vivek919";"bharti919"
"vivek920@yopmail.com";"vivek920";"bharti920"
"vivek921@yopmail.com";"vivek921";"bharti921"
"vivek922@yopmail.com";"vivek922";"bharti922"
"vivek923@yopmail.com";"vivek923";"bharti923"
"vivek924@yopmail.com";"vivek924";"bharti924"
"vivek925@yopmail.com";"vivek925";"bharti925"
"vivek926@yopmail.com";"vivek926";"bharti926"
"vivek927@yopmail.com";"vivek927";"bharti927"
"vivek928@yopmail.com";"vivek928";"bharti928"
"vivek929@yopmail.com";"vivek929";"bharti929"
"vivek930@yopmail.com";"vivek930";"bharti930"
"vivek931@yopmail.com";"vivek931";"bharti931"
"vivek932@yopmail.com";"vivek932";"bharti932"
"vivek933@yopmail.com";"vivek933";"bharti933"
"vivek934@yopmail.com";"vivek934";"bharti934"
"vivek935@yopmail.com";"vivek935";"bharti935"
"vivek936@yopmail.com";"vivek936";"bharti936"
"vivek937@yopmail.com";"vivek937";"bharti937"
"vivek938@yopmail.com";"vivek938";"bharti938"
"vivek939@yopmail.com";"vivek939";"bharti939"
"vivek940@yopmail.com";"vivek940";"bharti940"
"vivek941@yopmail.com";"vivek941";"bharti941"
"vivek942@yopmail.com";"vivek942";"bharti942"
"vivek943@yopmail.com";"vivek943";"bharti943"
"vivek944@yopmail.com";"vivek944";"bharti944"
"vivek945@yopmail.com";"vivek945";"bharti945"
"vivek946@yopmail.com";"vivek946";"bharti946"
"vivek947@yopmail.com";"vivek947";"bharti947"
"vivek948@yopmail.com";"vivek948";"bharti948"
"vivek949@yopmail.com";"vivek949";"bharti949"
"vivek950@yopmail.com";"vivek950";"bharti950"
"vivek951@yopmail.com";"vivek951";"bharti951"
"vivek952@yopmail.com";"vivek952";"bharti952"
"vivek953@yopmail.com";"vivek953";"bharti953"
"vivek954@yopmail.com";"vivek954";"bharti954"
"vivek955@yopmail.com";"vivek955";"bharti955"
"vivek956@yopmail.com";"vivek956";"bharti956"
"vivek957@yopmail.com";"vivek957";"bharti957"
"vivek958@yopmail.com";"vivek958";"bharti958"
"vivek959@yopmail.com";"vivek959";"bharti959"
"vivek960@yopmail.com";"vivek960";"bharti960"
"vivek961@yopmail.com";"vivek961";"bharti961"
"vivek962@yopmail.com";"vivek962";"bharti962"
"vivek963@yopmail.com";"vivek963";"bharti963"
"vivek964@yopmail.com";"vivek964";"bharti964"
"vivek965@yopmail.com";"vivek965";"bharti965"
"vivek966@yopmail.com";"vivek966";"bharti966"
"vivek967@yopmail.com";"vivek967";"bharti967"
"vivek968@yopmail.com";"vivek968";"bharti968"
"vivek969@yopmail.com";"vivek969";"bharti969"
"vivek970@yopmail.com";"vivek970";"bharti970"
"vivek971@yopmail.com";"vivek971";"bharti971"
"vivek972@yopmail.com";"vivek972";"bharti972"
"vivek973@yopmail.com";"vivek973";"bharti973"
"vivek974@yopmail.com";"vivek974";"bharti974"
"vivek975@yopmail.com";"vivek975";"bharti975"
"vivek976@yopmail.com";"vivek976";"bharti976"
"vivek977@yopmail.com";"vivek977";"bharti977"
"vivek978@yopmail.com";"vivek978";"bharti978"
"vivek979@yopmail.com";"vivek979";"bharti979"
"vivek980@yopmail.com";"vivek980";"bharti980"
"vivek981@yopmail.com";"vivek981";"bharti981"
"vivek982@yopmail.com";"vivek982";"bharti982"
"vivek983@yopmail.com";"vivek983";"bharti983"
"vivek984@yopmail.com";"vivek984";"bharti984"
"vivek985@yopmail.com";"vivek985";"bharti985"
"vivek986@yopmail.com";"vivek986";"bharti986"
"vivek987@yopmail.com";"vivek987";"bharti987"
"vivek988@yopmail.com";"vivek988";"bharti988"
"vivek989@yopmail.com";"vivek989";"bharti989"
"vivek990@yopmail.com";"vivek990";"bharti990"
"vivek991@yopmail.com";"vivek991";"bharti991"
"vivek992@yopmail.com";"vivek992";"bharti992"
"vivek993@yopmail.com";"vivek993";"bharti993"
"vivek994@yopmail.com";"vivek994";"bharti994"
"vivek995@yopmail.com";"vivek995";"bharti995"
"vivek996@yopmail.com";"vivek996";"bharti996"
"vivek997@yopmail.com";"vivek997";"bharti997"
"vivek998@yopmail.com";"vivek998";"bharti998"
"vivek999@yopmail.com";"vivek999";"bharti999"
"vivek1000@yopmail.com";"vivek1000";"bharti1000"